name,coordinates
Eye Blue,#98AFBA
Murano Soft Blue,#C5D6EE
Marble Blue,#868FA9
Smoking Night Blue,#43454C
Blue Gem,#2C0E8C
Byzantine Blue,#006C6E
Periglacial Blue,#E1E6D6
Absolute Blue,#003FB2
LED Blue,#0066A3
Suit Blue,#2B3036
Lebanese Blue,#025FA9
Kali Blue,#00505A
Blue Zircon,#079AAE
Blue Perennial,#487CB8
Anthracite Blue,#3D475E
Light Tropical Blue,#C3DDF9
Iceberg Blue,#DAF4F0
Baritone Blue,#262835
Sunset Blue,#63789D
Kasbah Blue,#005895
Brooklyn Blue,#465F73
Windsor Blue,#091325
Second Blue,#75A0C5
Greek Blue (RAL Design),#009FBD
Blue Ball,#0896DB
Blue Bark,#041322
Bondi Deep Blue,#02478E
Fresh Baby Blue,#90C8FF
Tennis Blue,#7CB5C6
Navy Blue (RAL Design),#00659D
Candy Blue,#0100E0
Retina Soft Blue,#B6C7E0
Blue Shade,#243866
Spitsbergen Blue,#6F757D
Blue Dash,#2663C1
Pattens Blue,#DEF5FF
Tartan Clear Blue,#AFC8DC
China Green Blue,#3A6468
Palace Blue,#11103E
Deep Atlantic Blue,#004F57
Uplifting Blue,#B2C2F0
Cute Sky Blue,#C3E4F8
Placid Blue,#8BADD3
Persian Blue (RAL Design),#89B3B6
Bluebird,#D9E9F6
Cloudburst Blue,#1F2D51
Balance Blue,#475EBE
Directoire Blue,#0062A3
Astronaut Blue,#013E62
Blue-black (RAL Design),#24313D
Blue Radiance,#58C8D4
Space Blue,#181E4C
Bahama Blue,#026395
Teal Blue (Xona),#044259
Thistleblossom Soft Blue,#8AB3BF
Blue Chalk,#F1E9FF
Blue Smoke,#748881
Refreshing Baby Blue,#92E2F6
Out of the Blue,#00A4CC
Garnet Stone Blue,#384866
Deep Turquoise Teal,#098175
Authentic Teal,#035356
Oceanic Teal,#115762
Egyptian Teal,#0C7F85
Bold Teal,#006469
Abstract Teal,#2B5B5B
Sports Teal,#196A87
Dusky Teal,#537677
Attractive Teal,#247377
Teal (Paint),#4F5F5F
Beautiful Teal,#057B80
Cute Teal,#8CCECE
Nobel Teal,#055F5F
Teal The Show,#377A8D
Kawaii Teal,#7BB1B3
Charming Teal,#5DA7A8
Teal Blue (Crayola),#008080
Light Teal (RAL Design),#B1CCC5
Simple Teal,#1D8489
Teal Blue (Pantone),#007F7B
Teal Grunge,#276A6E
Royal Teal,#116C6E
Light Teal Blue,#518E99
Teal Deer,#99E6B3
Teal Grey,#5E7D7E
Light Teal Green,#2E9F90
Clear Teal,#66B5B3
Real Teal (Pantone),#405D73
Teal Dark Green,#006D57
Teal Green (Pantone),#006361
Teal (Pantone),#478589
Chinese Teal,#338091
Deep Teal (Pantone),#19454B
Neutral Teal,#7E9394
Vibrant Teal,#00D1CF
Crystal Teal,#00637C
Tahitian Teal,#00899B
Exotic Teal,#11A9A8
Teal Dark Blue,#0F4D5C
Indian Teal,#3C586B
Teal Blue (RAL Design),#97D1CB
Blue Wing Teal,#2C4053
Coral Teal,#198690
Dark Teal (RAL Design),#007167
Solid Teal,#167473
Shiny Teal,#00B3B6
Real Teal,#348F91
Dusty Teal,#769393
Dark Teal Blue,#215D6E
Misty Teal,#688C8C
Spring Teal,#0EA7A5
Teal Green,#098577
Muted Teal,#6B9797
Dark Teal Green,#18615B
Peacock Teal,#0C7478
Dark Teal,#045D5D
Light Teal,#1EA1A1
Deep Teal,#005F5F
Neon Teal,#00CAB1
Dark Clover Green,#384910
Light Coriander Green,#C4D0B0
Ink Green,#1C6A35
Funky Green,#078E55
Pine Green (RAL Design),#4A635C
Green Smoke,#A4AF6E
Canvas Green,#A8A589
Hornblende Green,#234E4D
Green Pea,#1D6142
Green Vogue,#032B52
Moselle Green,#2E4E36
Citron Green,#9EA91F
Casual Green,#8BC1A1
Arab Green,#006233
Sea Green (RAL Design),#30675C
Pastel Light Green,#E6F0D3
Stirling Green,#B0D3BF
Granite Green (Pantone),#86A293
Iceberg Green,#8C9C91
Warm Green Yellow,#767F29
Brochantite Green,#486262
Traffic Light Green,#8C9900
Snow Crystal Green,#E4F0E8
Gio Ponti Green,#B3CEAB
Ireland Green,#006C2E
Leek Green,#B0AB77
Calcite Grey Green,#52605F
Liebermann Green,#92B498
Mustard Greens,#62A260
Sea Breeze Green,#C9D9E7
Rangoon Green,#1C1E13
Holyrood Green,#ACC3AE
Earls Green,#C9B93B
Alpine Lake Green,#4F603E
Dark Aquamarine Green,#014B43
New Green (RAL Design),#B5AC31
Mineral Green (Xona),#3F5D53
Dust Green,#C6C8BE
Chrome Oxide Green,#668014
Deep Jade Green,#427977
Warm Yellow Green,#DBE5A1
Envy Green,#8BA690
Cool Green (Paint),#E9ECCD
Green Bay,#7E9286
Extreme Green,#05A417
Sap Green,#308014
Bermuda Green,#80AA8D
Dark Racing Green,#0C1911
Sea Green Black,#095859
Cardin Green,#01361C
Chrysopal Light Green,#8FB2A3
Earth Green (RAL Design),#545F5B
Chrysocolla Medium Green,#006B57
Summer Green (Pantone),#7FD37F
World Green,#198F23
Mountain Green (RAL Design),#1E4F2B
Willow Green,#C3CABF
Verdun Green,#495400
Citrus Green,#A1C50A
Uplifting Yellow,#F4DA92
Light Cadmium Yellow,#FFB00F
Dusky Yellow,#C4AC57
Fuel Yellow,#ECA927
Hint of Yellow,#FAFDE4
Spectra Yellow,#F7B719
Naples Yellow Deep,#FFA812
Arnica Yellow,#E59B00
Orient Yellow,#F7B969
Pitmaston Pear Yellow,#D0A32E
Abstract Yellow,#F3B962
Dark Yellow (RAL Design),#E7BF8E
Mars Yellow,#E3701A
Misted Yellow,#D9B964
Tasman Honey Yellow,#E6C562
Yellow Putty,#E7CD8C
Sparkling Yellow,#FFF34A
Pastel Light Yellow,#FAF7C2
Extreme Yellow,#EDCE1E
Buttery Yellow,#EDDEA0
Zen Yellow,#DECC67
Sunny Yellow,#F6E791
Blossom Yellow,#E1C77D
Broken Yellow,#D4B269
Yellow Ochre,#E38217
Cadmium Yellow (Xona),#FF9912
Corn Yellow,#E7BF05
Balance Yellow,#E08F0D
Vespa Yellow,#F3D19F
Spring Yellow (RAL Design),#F2E47D
Sunshine Yellow,#F6DC7B
Carriage Yellow,#FFB756
Aureoline Yellow,#FFA824
Moon Yellow,#FCD917
Peach Yellow,#D19C79
Casual Yellow,#F1D75E
Illusion Yellow,#EEDF38
Kawaii Yellow,#EBD490
Citrusy Green Yellow,#EDF5AB
Nobel Yellow,#E5D44F
Beautiful Yellow,#DBC249
Attractive Yellow,#E6C84D
Designer Cream Yellow,#EFE5BB
Lemon Sorbet Yellow,#DCC68E
Yellow Metal,#716338
Lebanese Yellow,#D7AB0C
Boxwood Yellow,#EFE4A5
Yellow Sea,#FEA904
Dashing Yellow,#F9C301
Moroccan Yellow,#E0A91B
Off Yellow,#FEF9E3
Tartan Yellow,#EECB06
Lightning Yellow,#FCC01E
Charming Yellow,#EDD56A
Authentic Yellow,#EDD30F
Funky Yellow,#E9DC1D
Brilliant Yellow (RAL Design),#E8E5D8
Sienna Yellow,#B08277
Pallid Orange,#FCB99D
Citrusy Orange,#E16F0D
Mars Orange,#964514
Accent Orange (RAL Design),#E56D00
Melon Orange,#F08F48
Orange.Com,#DA321C
Zen Orange,#DD9353
Orange Slice,#FE6D00
Charming Orange,#EE854D
Orange White,#FEFCED
Orange Peach,#ECBD8F
Palace Orange,#E69F20
Attractive Orange,#FFA753
Aura Orange,#B4272B
Abstract Orange,#F29968
Kawaii Orange,#EBA26A
Sacred Orange,#F87726
Authentic Orange,#F0933A
Tango Orange,#ED7A1C
Bergamot Orange,#EDC077
Pastel Light Orange,#FCC781
Beautiful Orange,#F5A64D
Crimson Orange,#B84644
Orange Roughy,#C45719
Delicate Orange,#E3D4BC
Nobel Orange,#DD9231
Dusky Orange,#C4793B
Cadmium Orange (Xona),#FF6103
Exuberant Orange,#FF582D
Transparent Orange,#E6B268
Uplifting Orange,#FFC583
Extreme Orange,#F37507
Supreme Orange,#EA871E
Romantic Orange,#FEA948
Orange-Yellow (Crayola),#F8D568
Amazon Orange,#FF9900
Burnt Orange (Crayola),#FF7034
Yellow-Orange (Crayola),#FFAE42
Nickelodeon Orange,#F57D0D
Easy.com Orange,#FF6600
Thanksgiving Orange,#F17D08
Bronze Orange,#C67D1C
Orange-Red (Crayola),#FF5349
British Orange,#D5AB85
Brown Orange,#A35011
Perfect Orange,#F89D1F
Orange Grove,#E5902C
Accent Orange,#FBB15B
Orange Brown,#C36F29
Outrageous Orange,#FF6E4A
Blush Orange,#EAC096
Yellow Orange,#F2AF13
Old Orange,#D38E57
Orange Pitch,#DC8E36
Philippine Orange,#FF7300
Luxury Orange,#EC7D3C
Orange Dream,#F5AD77
Orange Aura,#FDB275
Clear Orange,#FCBF8D
Valient Red,#9B283C
Lebanese Red,#E02620
Obsidian Red,#372A38
Endangered,#CD2427
Heathered Gray,#B6B095
English Red (RAL Design),#BD553E
Emperor Cherry Red,#AC2C32
Mexican Red,#A72525
Beans Red,#682429
Deep Buttered Rum,#A1750D
Sacred White,#FFFFFC
Red Lacquer,#9D273E
Mandevilla Red,#DA3A2C
Dark Rustic Red,#480404
Fiery Red,#D01C1F
Charming Red,#BB2B3C
Violet Red (RAL Design),#9A6596
Vixen Red (Paint),#C04851
Jalapeño Red,#B1103C
Red Clay,#C2462E
Purpurite Red,#864480
Beautiful Red,#BA2426
American Vintage Red,#8A2E22
Attractive Red,#D20D24
Red Punch,#DC4333
Merlot Red,#831923
Transparent Red,#EE706E
Spicy Red,#97413E
Kawaii Red,#F3636D
Rich Velvet Red,#5B0F12
Boudoir Red,#B12763
Coronation Red,#5A0019
Egyptian Red,#8F2226
Powdered Sugar,#F1F4FF
Smooth Red,#C53653
Disco Red,#871550
Hibiscus Red,#A33737
Red Beech,#7B3801
Weathered Taupe,#534943
Goth Red,#6C3843
Balance Red,#A63328
Equestrian Red,#9E1528
Deep Bright Red,#B10000
Reddish Cashew,#F47A6F
Guardsman Red,#BA0101
Nobel Red,#952022
Permanent Red Violet,#DB2645
Western Red,#8B0723
Red Berry,#8E0000
Ant Red,#B05D4A
Red Oxide,#6E0902
Dolomite Red,#C5769B
Dark Indian Red,#B0171F
Dahlia Matte Red,#765067
Fox Red,#CA4E33
Soft Rose Red,#D6546A
Red Devil,#860111
Red Maple,#D02D23
Friendly Red,#B33C46
Carousel Pink,#F9E0ED
Cheeky Pink,#F55995
Business Pink,#774758
Dahlia Pink,#DF93C9
Spicy Pink,#816E71
Mohair Pink,#A78594
Kawaii Pink,#F3CADB
Deep Blush Pink,#E47698
Brandy Rose Pink,#BB8983
Tonys Pink,#E79F8C
Persian Pink (RAL Design),#D06FA0
Soft Rose Pink,#F5C7E2
Crystal Pink,#916B8C
Pink Frosting,#F0A9CB
Provincial Pink,#FEF5F1
Funky Pink,#F34AB8
Lady&#8217;s Cushions Pink,#C99BB0
Authentic Pink,#F4A6B6
Melanie Pink,#E4C2D5
Ice Pink (RAL Design),#F1E1E0
Pink Peach,#FAC7BE
Pink Sparkle,#EE91E7
Arabic Pink,#ECB5B9
Pastel Cherub Pink,#F8D9E9
Pink Gecko,#DCC8C6
Mandys Pink,#F2C3B2
Pink Flare,#E1C0C8
Shady Pink,#C4A1AF
Nobel Pink,#E1B8C2
Illusion Pink,#F6A4C9
Hippie Pink,#AE4560
Pastel Light Pink,#FFE6EE
Model Pink,#EB8FBA
Casual Pink,#F3B6D5
Pink Suede,#BE9D9B
My Pink,#D69188
Charm Pink (Pantone),#DEBBC9
Pink Marshmallow,#F7E0E8
Abstract Pink,#C8A0AA
Cranberry Pink,#B6316C
Pink Swan,#BEB5B7
Dawn Pink,#F3E9E5
Coral Pink (RAL Design),#D49AB3
Sapphire Pink,#887084
Shocking Pink (Pantone),#DE5B8C
Pink Affair,#FFEFEC
Oriental Pink,#C69191
Bermuda Pink,#F1C5BE
Classic Pink Rose,#FBCCE7
Camellia Pink,#CD739D
Hit Pink,#FFAB81
Wisp Pink,#FEF4F8
Charming Pink,#DAA3BD
Cavern Pink,#E3BEBE
Delicate Pink,#EEE1E4
Trendy Pink,#8C6495
Blossom Pink,#DCB4BC
Party Pink (Pantone),#EBB8DB
Lille Pink,#BD6D94
Careys Pink,#D29EAA
Purple Jasper,#99748F
Garlic Purple,#744A7A
Cute Purple,#B797CB
Purple Yam,#8176A0
Palace Purple,#421061
Valentino Purple,#350E42
Kawaii Purple,#A888D0
Atomic Purple,#AD9CC1
Attractive Purple,#471967
Purple Freedom,#AA51A9
Majestic Purple,#37073E
Authentic Purple,#50205F
Abstract Purple,#372442
Velvety Purple,#460546
Purple Plum,#4D2E50
Purple Periwinkle,#53257F
Jacksons Purple,#20208D
Purple Pak Choi,#57316B
Mardi Gras Purple,#350036
Fine Purple,#5E548D
Balance Purple,#5C3C73
Opulent Purple,#673362
Egyptian Purple,#592D8C
Dark Hot Purple,#480656
Purple Power,#3D1F59
Arabic Purple,#733E6D
Cold Purple,#ABA0D9
Dark Purple (RAL Design),#3C2246
Victoria Purple,#534491
Charming Purple,#9241C5
Beautiful Purple,#503062
Pastel Light Purple,#9987A5
Luxurious Purple,#4F0F5A
Regal Purple,#3E1550
Cadbury Purple,#330072
Crystal Purple,#533D6B
UNA Purple,#46166B
Romantic Purple,#5E0A80
Dark Purple Grey,#6E576B
Supreme Purple,#5A247B
Rare Purple,#AD70A4
Candy Purple,#9E3AC3
Seoul Purple,#851291
Cashmere Purple,#664E88
Light Purple Blue,#BD86D2
Spanish Dark Purple,#3C1E46
Black Purple,#0F0616
Intense Purple,#63365D
Intense Light Purple,#8849A5
Basic Purple,#5B0D76
Original Purple,#9A5ABF
Best Purple,#581876
Indian Purple,#4A2668
Perfect Purple,#9820C5
Cool Purple,#452068
Brown Purple,#582937
Azalea Purple,#7E4AB8
Purple Glow,#A15BE4
Cosmic Purple,#681993
Gray Purple,#786F80
Funky Gray,#777577
Friar Gray,#807E79
Dusty Gray,#A8989B
Taupe Gray,#B3AF95
Celeste Gray,#D1D2CA
Hint of Gray,#FCFFF9
Gull Gray,#9DACB7
Ironside Gray,#676662
Dorian Gray,#D5D1C4
Santas Gray,#9FA0B1
Gray Suit,#C1BECD
Foggy Gray,#CBCAB6
Ship Gray,#3E3A44
Cold Gray,#808A87
Abstract Gray,#95908D
Tower Gray,#A9BDBF
Suva Gray,#888387
Misty Blue Gray,#DFE2E6
Gray Day,#B3B3B0
Gray Chateau,#A2AAB3
Shuttle Gray,#5F6672
Warm Gray,#808069
Bright Gray,#3C4151
Cove Gray,#051657
Mist Gray,#C4C4BC
Steel Gray,#262335
Battleship Gray (Xona),#828F72
Gray Green (Xona),#454936
Bermuda Gray,#6B8BA2
Regent Gray,#86949F
Gray Olive,#A9A491
Cod Gray,#0B0B0B
Dove Gray,#6D6C6C
Quill Gray,#D6D6D1
Gray Hawk,#7F7C7A
Athens Gray,#EEF0F3
Judge Gray,#544333
Hit Gray,#A1ADB5
Bokara Gray,#1C1208
Oslo Gray,#878D91
Wisdom Gray,#847C7A
Gray Nickel,#C3C3BD
Waikawa Gray,#5A6E9C
Mineral Gray,#B3B6AD
Fuscous Gray,#54534D
Dark Storm Gray,#717486
Glacier Gray,#C5C6C7
Simple Gray,#676765
Oyster Gray,#CBC1AE
Gray Melange,#CCCAC9
Pure Gray,#808080
Iron Gray,#616569
Heliotrope Gray,#AA98A9
Moon Gray,#909090
Corporate Gray,#6E6F71
English Gray,#9D9C98
Heavenly Gray,#AAA7AD
Abstract Silver,#C2BEBF
Sparky Silver,#C1C1C1
Silver Skies,#CCD4D7
Charming Silver,#C5C8CC
Shimmer Silver,#B6BAC0
Mother-of-pearl Silver,#CCD6E6
Authentic Silver,#A7A7AB
Cute Silver,#E2E7E9
Silver Chalice,#ACACAC
Sparkling Silver,#E3E9F0
Zen Silver,#B9BBBD
Angel Hair Silver,#D2D6DB
Silver Tree,#66B58F
Kawaii Silver,#DBDDDF
Beautiful Silver,#B3B6BC
Arctic Silver,#CAD3D7
Song of Silver,#C5D0CE
Silver Finish,#C8CCCE
Silver Night,#B0B5B9
Silver Flake,#D5DDE0
Aesthetic Silver,#A8ABAE
Feldspar Silver,#A0ADA9
Old Silver,#848482
Bold Silver,#BABEBE
American Silver,#CFCFCF
Black Silver,#737474
Quicksilver,#A6A6A6
New Silver,#B9C3B9
Silver Fir Blue,#7196A2
Silver Coin,#BABABA
Silver Sand,#BFC1C2
Silver Beige,#D9D3CC
Brushed Silver,#C1C4C7
Antique Silver,#6B6E6F
Chrome Silver,#D8DBDE
Royal Silver,#919095
Midnight Silver,#A4A8AA
Mountain Crystal Silver,#E2EFE8
Silverfish,#C1C0C5
Arabian Silver,#EFEBE0
Silver Bullet,#81839A
Silver Sage,#938B78
Chinese Silver,#C3C3C3
Silver Feather,#E0DED8
Silver Mink,#9F8E7C
Silver Linden Grey,#859382
Silver Green (RAL Design),#D2C88C
Beauty Silver,#D7DAD9
Frost Silver,#B3B6C0
Classic Silver,#B1B8BA
Silver Steel,#9BA1AB
Shiny Silver,#EAECEC
Silver Rose,#D29EA6
Silver Birch,#D2CFC4
Bright Silver,#D9DADB
Silver Glitter,#CECFD2
Silver Green,#D7D7C7
Silver Pine,#4E6866
Brilliant Silver,#D2D4D7
Silver Thistle Beige,#E7D5C5
Mauve White,#DFE3E8
White Sparkle,#EEF3F8
White Shimmering Opal,#F2F4E8
Bold White,#FBFCFD
Black White,#FFFEF6
Beautiful White,#F7F7F6
Barley White,#FFF4CE
Casual White,#FBFAF3
Eggwhite,#F1ECE9
Vista White,#FCF8F7
Isle of White,#FEFFED
G&#038;B White,#FEFDFB
Brilliant White (Pantone),#EDF1FD
White Ice,#DDF9F1
Apricot White,#FFFEEC
Elderberry White,#EAE5CF
Baja White,#FFF8D1
Egg White,#FFEFC1
Titan White,#F0EEFF
Bleach White,#FEF3D8
Ecru White,#F5F3E5
Angora White,#F6F6F7
Space White,#F8FBF2
Turquoise White,#CFE9DC
Double Colonial White,#EEE3AD
Prosecco White,#FAFDF2
Cream White,#F2EEE2
White Swan,#E4D7C6
White Lilac,#F8F7FC
Green White,#E8EBE0
Ava White,#F5F7EA
Fog White,#F1EFE4
Dutch White,#FFF8D1
Business White,#FDFFFF
Buttery White,#FFFCEA
Dahlia White,#F5F5EE
Attractive White,#FCF7EE
Decorator White,#F5F4F3
Laundry White,#F6F7F1
Half Colonial White,#FDF6D3
Catskill White,#EEF6F7
White Palace,#F0ECEB
White Rock,#EAE8D4
Milk White,#F6F0E6
Antiwue White,#ECE5D3
Extreme White,#FBFAF6
Albescent White Glow,#F5E9D3
Citrine White,#00F7D6
Half Dutch White,#FEF7DE
Double Spanish White,#E6D7B9
White Linen,#F8F0E8
Arrowhead White,#F9EAEB
White Pointer,#FEF8FF
White Asparagus,#E3DFCC
Kawaii White,#F7F5F1
Paris White,#CADCD4
White Nectar,#FCFFE7
Half Spanish White,#FEF4DB
Extreme Black,#101010
Black Haze,#F6F7F7
Spinel Stone Black,#272A3B
Black Violet,#2B2C42
Funky Black,#100F10
Black Forest (Xona),#0B1304
Blackwood,#261105
Beyond Black,#040205
Casual Black,#191819
Ebony Black,#0C0B1D
Cannon Black,#251706
Dusty Black,#232220
Abstract Black,#0E0B02
Blackout (Pantone),#27272B
Black Pepper (Xona),#0E0E18
Black Squeeze,#F2FAFA
Black Magic (Xona),#251706
Mysterious Black,#130508
Graphite Black,#251607
Black Rose (Xona),#67032D
Black Rock,#0D0332
Blackberry (Xona),#4D0135
Charming Black,#191714
Black Pearl,#041322
Black Lava,#504C50
Blackberry Leaf Green,#507F6D
Blackcurrant (Xona),#32293A
Black Sand,#3C3E40
Business Black,#121314
Industrial Black,#322B26
Dark Blackberry,#533958
Manganese Black,#202F4B
Bristol Black,#3B3739
Authentic Black,#070809
Bold Black,#040404
Crow Black,#263145
Black Currant,#1C1A23
Kawaii Black,#0B0B0B
Black Marlin,#3E2C1C
Black Bean (Xona),#081910
Asphalt Black,#130A06
Arabic Black,#1D1C20
Meteorite Black Blue,#414756
Twitter New Logo Black,#000000
Nature Black,#111810
Winter Black,#20211A
Shearwater Black,#5B5B6C
Graphite Black Green,#32494B
Bitter Black,#1D1615
Galaxy Black,#2A292B
Black Mist,#484547
Blackish White,#D8D1CC
Black Bronze,#1F1D1B
Blackened Pearl,#4E4B51
Old Black,#292827
Blackboard Green,#274C43
Cold Black,#121214
Luxor Gold,#A7882C
Gold Fever,#CBA564
Gold Gift,#D0B068
Funky Gold,#DBB330
Marigold (Pantone),#F89D56
Light Goldenrod (Xona),#EEDD82
Nobel Gold,#DDB840
Polished Gold,#F7BE14
Shimmery Gold,#F6D473
Exquisite Gold,#EDC31B
Charming Gold,#E7AE4C
Model Gold,#B08C19
Supreme Gold,#EAC031
Golden Fizz,#F5FB3D
Attractive Gold,#C5AE4B
Rough Gold,#BE9829
Golden Tainoi,#FFCC5C
Yukon Gold,#7B6608
Golden Sand,#F0DB7D
Palace Gold,#E0AE08
Extreme Gold,#C0971B
Abstract Gold,#9C9442
Rose Gold Mist,#D5C2C3
Light Harvest Gold,#E0B974
Golden Peach,#F9E1C5
Zen Gold,#B49834
Casual Gold,#BBA747
Gold Tips,#DEBA13
Gold Drop,#F18200
Golden Bell,#E28913
Golden Dream,#F0D52D
Sacred Gold,#AE8F05
Prom Gold,#AA8A50
Sheer Gold,#F9EABC
Sun-Kissed Gold,#EABA56
Spring Gold,#F7B71F
Kawaii Gold,#F0CD75
Holy Gold,#C1A004
Native Gold,#DDB328
Coronation Gold,#FEB946
Authentic Gold,#E6A822
Pirate Gold,#BA7F03
Alloy Gold,#B4A473
Cute Gold,#E8CA7A
Business Gold,#645B24
Gold Crush,#EBCC6D
Reef Gold,#9F821C
24K Gold,#F3BD12
Bold Gold,#9D7D1E
Luxurious Gold,#CEA734
Faded Rose Gold,#C39CA4
Brightest Gold,#FFD971
Alabama State University Gold,#C99700
Dull Gold Yellow,#CBB658
Towson Gold,#FFBB00
Cold Gold,#9B955D
Goldenrod (Crayola),#FCD667
Romantic Gold,#E5B723
Golden Beryl Yellow,#D9A400
UCF Knights Gold,#BA9B37
Bronze Olive,#4E420C
Olive (Xona),#3B5E2B
Citrusy Olive,#D2E3B5
Olive Haze,#8B8470
Soft Olive,#59604F
Dull Olive,#7A7564
Olivetone,#716E10
Dark Olive Beige,#A68958
Olive Green (Crayola),#B5B35C
Yellow Olive,#BFAE2B
Burnt Olive,#646049
Bright Olive,#A1A556
Off-White Olive,#D0D2C1
Gothic Olive,#7C6E4E
Classic Olive,#75773C
Olive Branch,#6A6A45
Military Olive (Pantone),#63563B
Olive Gray (Pantone),#A6997A
Olive Night,#535040
Army Olive,#676B4A
Neutral Olive,#7C7C64
Ecru Olive,#927B3C
Dark Olive,#574D35
Army Dark Olive,#585944
Pale Olive Green,#B5AD88
Martini Olive,#726A4E
Olive Drab (Pantone),#756D47
Light Olive (RAL Design),#D4C964
Olive Skin,#CCAB8B
Pale Olive Skin,#E5D0BB
Olive Oil (Pantone),#A98B2D
Rich Olive,#3E4740
Tawny Olive,#C4962C
Olivenite,#C1A65C
Black Olive (Pantone),#48413B
Camouflage Olive Green,#404627
Golden Olive,#AF9841
Green Woodpecker Olive,#7D7853
Green Olive,#8D8B55
Military Olive,#62623D
Olive Black,#4B4031
Capulet Olive,#656344
Warm Olive,#C7B63C
Dusty Olive (Pantone),#646356
Matte Olive (RAL Design),#998F7F
Smokey Olive,#6A685D
Dark Olive Green (RAL Design),#454636
Pale Olive,#C2C29A
Dusty Olive,#959778
Manzanilla Olive,#9E8F6B
Camouflage Olive (RAL Design),#A28F5C
Pale Olive (RAL Design),#D3C7A1
Olive Oil,#DFD855
Olive Green,#81864A
Olive Gray,#A09F8D
Light Olive,#BDBC70
Deep Olive,#676700
Olive Brown (RAL),#6F4A25
Camouflage Olive,#544F3D
Warm Khaki,#CB996C
Casual Khaki,#988B63
Khaki (Pantone),#A39264
Rare Khaki,#B1A079
Dark Khaki Green,#857153
Army Khaki,#C7B090
Comfort Khaki,#CCC294
Forest Floor Khaki,#78766D
Khaki Green (RAL Design),#6A5A39
Light Khaki (RAL Design),#998D7C
Pale Khaki,#BFAF92
Vintage Khaki,#9A9186
Cool Khaki,#D4CFA9
Police Khaki,#A38F58
Khaki Green,#8A865D
Light Khaki,#D6C9AF
Matte Khaki,#AA9C70
Pastel Khaki,#DAD4B6
Khaki Grey,#725F3C
Khaki Traditional,#C4B289
Dark Khaki,#BDB76B
Khaki,#F0E68C
Complete List of HTML Color Names,#333333
Desert Beige,#AB9A8D
Casual Beige,#B19F82
Earthy Beige,#AB9082
Bright Beige,#C5A589
Abstract Beige,#A69A7E
Authentic Beige,#A98C6D
Bermuda Beige,#DECEAB
Charming Beige,#C8A688
Mocha Beige,#8E756E
Clay Beige,#8E867A
Dusty Beige,#B9A28E
Calm Beige,#B5A69E
Light Beige (RAL Design),#CFC5B0
Straw Beige,#D4BF8D
Champagne Beige (RAL Design),#D4C49E
Gentle Beige,#B19C8D
Beige (Xona),#A39480
Nashi Pear Beige,#EDD4B1
Sandy Beige,#AD9A8B
Weathered Beige,#BAA798
Summer Beige,#E3C8A5
Halston Beige,#C3B499
Mineral Beige,#D8C49F
Supreme Beige,#C9A98D
Jute Beige,#E1C6B2
Velvet Beige,#D0C5B1
Original Beige,#C9AD93
Beige Dune,#B9976E
Maple Beige,#FAD0A1
Beige Glory,#DACCC1
Beige Sahara,#C6AB80
Simple Beige,#B6967E
Beige Taupe,#927C66
Beige Wood,#CA9F85
Beige Vintage,#A69681
Beige Latte,#C2A48C
Aesthetic Beige,#C2A083
Biscuit Beige,#E6BFA6
Beige Cream,#EEDEC5
Pearly Beige,#D8D2CB
Basic Beige,#C5A57D
Just Beige,#DBC7B1
Rose Beige,#BE9490
Carnelian Beige,#E5CEB1
Light Chamois Beige,#D1C6BE
Barely Beige,#D2C1B1
Cool Beige,#C2B1A5
Buff Beige,#E2BBA3
Balanced Beige,#BDAC9F
Cornmeal Beige,#EBD5C5
Army Beige,#C4B09E
Garlic Beige,#B0AAA1
Pink Beige,#D8BAB1
Satin Beige,#D9BEA7
Mustard Seed Beige,#C5A574
Boho Beige,#926C4F
Copper Beige,#D49A83
Light Pink Beige,#E1C5C0
Bold Brown,#603732
Cigar Brown,#773F1A
Van Dyke Brown,#5E2605
Cute Brown,#C4A59B
Pastel Light Brown,#B89D91
Brick Light Brown,#9C661F
Peat Brown,#5A3D29
Desert Brown,#AE6020
Beautiful Brown,#614237
Espresso Brown,#612718
Woody Brown,#483131
Nutria Fur Brown,#514035
Brown Bramble,#592804
Dark Cedar Brown,#3E1C14
Livid Brown,#4D282E
Brown Ochre,#87421F
Dark Saddle Brown,#583401
Dark Greyish Brown,#5E5956
Warm Dark Brown,#4C270E
Lotus Brown,#863C3C
Leather Brown,#97572B
Brown Granite,#615550
Brown Pod,#401801
Peanut Brown,#782F16
Abstract Brown,#574D49
Faded Brown,#91827A
Sanguine Brown,#8D3D38
Brown Derby,#492615
Cowboy Brown,#5D3320
Congo Brown,#593737
Cork Brown,#40291D
Oak Brown (RAL Design),#A18D80
Brown Madder,#DB2929
Kawaii Brown,#A57569
Balance Brown,#8A5B48
Donkey Brown,#A69279
Charming Brown,#955D38
Tree Bark Brown,#665B4E
Deep Cinnamon Brown,#7B3F00
Authentic Brown,#4D3B33
Light Brown Leather,#967059
Sorrell Brown,#CEB98F
Crater Brown,#462425
Lisbon Brown,#423921
Cowgirl Brown,#744633
Quicksand Brown,#BD978E
Cocoa Dark Brown,#301F1E
Nutmeg Brown,#81422C
Pumpkin Brown,#B1610B
Forgotten Brown,#857A73
Brick Brown (RAL Design),#8B4B47
Arabic Brown,#AF886C
Dallas Brown,#6E4B26
Driftwood Brown,#AF8751
Raw Umber brown,#734A12
Attractive Brown,#73493B
Dark Tan Brown,#661010
Toast Brown,#9A6E61
Date Fruit Brown,#AF642B
Copper Rust Brown,#944747
Chocolate Cremoso,#694634
Chocolate Drizzle,#482A2B
Chocolate Rose,#661D05
Chocolate Cream,#C0856B
Chocolate Milk,#BD8876
Chocolate Kisses,#3C1421
Chocolate Gelato,#C4A088
Chocolate Ice Cream,#9E7462
Swiss Chocolate,#9B5639
Secret Chocolate,#504546
Chocolate Pudding,#644638
Chocolate Torte,#392E2D
Bitter Chocolate (Pantone),#503130
Chocolate Chip,#685A4E
Hot Chocolate,#683B39
Chocolate Fondant,#56352D
Chocolate Martini,#56443F
Chocolate Brown (Pantone),#4E403B
Shaved Chocolate,#553C36
Chocolate Lab,#5C3E35
Chocolate Plum,#3D2D2E
Bitter Chocolate CMYK,#251611
Chocolate Malt,#907162
Decadent Chocolate,#513235
Soft Chocolate,#867970
Chocolate Truffle,#612E35
Dark Chocolate CMYK,#32231F
Milk Chocolate CMYK,#A86E53
Dark Chocolate Brown,#332421
Chocolate CMYK,#CA6323
White Chocolate,#EDE6D6
Dark Chocolate,#352620
Sweet Chocolate,#643A2C
Brown Chocolate,#563829
Chocolate Cookie,#5F4336
Deep Chocolate,#4F1C17
Milk Chocolate,#A16B4C
Chocolate Brown,#3F000F
Warm Chocolate,#6E2A05
Pastel Chocolate,#A7796D
Pale Chocolate,#B49992
Bitter Chocolate,#2B1A15
Light Chocolate,#8F6251
Black Chocolate,#1B1811
Chocolate Brown (RAL),#432F29
Chocolate Cosmos,#58111A
Chocolate (Traditional),#7B3F00
Chocolate,#D2691E
Mint Choco Chip,#BDE8D4
Kilimanjaro,#6B5343
Mocaccino,#AB845F
Coffee,#6F4E37
Cocoa Brown,#D2691E
Cookie,#E6CEA0
Cookie Dark Brown,#493332
Mint Cream,#F5FFFA
Business Maroon,#3B1410
Nobel Maroon,#621714
Palace Maroon,#702525
Extreme Maroon,#330703
Casual Maroon,#35181C
Transparent Maroon,#803C43
Maroon (Crayola),#C32148
Athletic Maroon,#551825
Marooned Blue,#352640
Classic Maroon,#6F100F
Deep Maroon,#5D100A
Chinese Maroon,#8B2614
Heather Maroon,#632024
Maroon (Pantone),#844655
New Maroon,#6B3339
Maroon Banner,#5B2B38
Matte Maroon,#671819
Light Maroon,#D03D56
Dark Maroon,#510400
Bright Maroon,#BC2D24
Maroon CMYK,#761F14
Red Maroon,#8F0B0B
Faded Maroon,#68221F
Glossy Maroon,#8F011B
Pastel Maroon,#944547
Vintage Maroon,#621D1D
Aesthetic Maroon,#78081C
Soft Maroon,#B5406C
Royal Maroon,#670E10
Maroon (X11),#B03060
Maroon,#800000
海老茶 (Ebicha),#5E2824
Burgundy,#800020
Cotton Indigo,#066976
Indigo (Xona),#082E54
Pastel Light Indigo,#BDC1FF
Kawaii Indigo,#C5BDEA
Supreme Indigo,#382080
Simple Indigo,#51428F
Intense Indigo,#3B059F
Indigo Ocean,#485479
Lavender Indigo,#503E75
Japanese Indigo,#264348
Aesthetic Indigo,#36285B
Muted Indigo,#4C367E
Bright Indigo,#6E00FF
Suede Indigo,#585D6D
Indigo Black,#002E51
Indigo Red,#695A78
Indigo Blue (RAL Design),#006973
Woad Indigo,#6C9898
Indigo Navy Blue,#4C5E87
Strong Indigo,#3D009F
Heather Indigo,#2D2643
Vivid Indigo,#6F00EE
Indigo Violet,#242C52
Vintage Indigo,#4A556B
Natural Indigo,#003740
Blue Indigo (Pantone),#49516D
Mood Indigo,#353A4C
Indigo (Pantone),#4C3957
Indigo Bunting,#006CA9
Violet Indigo,#3E295C
Indigo Carmine,#1A3338
Pastel Indigo,#8686AF
Royal Indigo,#240952
Neon Indigo,#7B00FF
Purple Indigo,#2C106A
Indigo Denim,#2F314E
Dark Pastel Indigo,#543E7A
Pale Indigo,#9892B1
Blue Indigo,#5710E5
Spectrum Indigo,#4D2CF1
Matte Indigo,#412D6C
Indigo CMYK,#524FA1
Rainbow Indigo,#6707E4
Dark Indigo,#2A0D5D
Indigo Blue,#3F0FB7
Deep Indigo,#2B0071
Electric Indigo,#5500FF
Persian Indigo,#32127A
Indigo Dye,#091F92
Indigo,#4B0082
Traditional Indigo,#274788
Hippie Blue,#331878
藍鼠 (Ainezumi),#5C544E
藍媚茶 (Aikobicha),#473F2D
藍墨茶 (Aisumicha),#393432
藍白 (Aijiro),#EBF6F7
藍海松茶 (Aimirucha),#2E372E
India Blue,#312C6A
藍色 (Ai-iro),#264348
Casual Navy,#0A0C19
Authentic Navy,#2B2450
Pastel Light Navy,#64669E
Attractive Navy,#3A3866
Dolphin Navy,#646077
Bold Navy,#101372
Bright Navy,#384793
Business Navy,#2B3249
American Navy,#03285C
Beyond Navy,#121248
Extreme Navy,#191829
Nautical Navy,#192343
Navy Green,#384918
Cosmic Navy,#395075
Collegiate Navy,#2D364C
Heather Navy,#364062
Elegant Navy,#253568
Solid Navy,#142755
Rich Navy,#535E8D
Digital Navy,#000080
Oxford Navy,#001A46
Pale Navy,#7B84A1
Misty Navy,#646A95
Neon Navy,#281C6C
Marine Navy,#101E4A
Navy Peony,#21385B
Electric Navy,#2E1FB6
French Navy Blue,#022658
Gray Navy,#656B83
Midnight Navy,#1B2452
Light Navy,#5C6B9C
Neutral Navy,#43455B
Worn Navy,#3A505A
Shiny Navy,#06068F
Coral Navy,#180A54
Mystic Navy,#2F3951
Military Navy,#39385C
Comfort Navy,#4E5F8C
Navy Dark Blue,#004C6A
Dark Navy,#1D2545
Dusty Navy,#5C6680
Navy Blue (Pantone),#403F6F
Navy Black,#263032
Matte Navy Blue,#2E2467
Peacock Navy,#071048
Muted Navy Blue,#4B456B
Dark Navy Blue,#0B0B45
Royal Navy,#1A0076
Navy CMYK,#2F2B75
Classic Navy,#313B7B
Deep Navy Blue,#000052
Navy Blue,#2D2363
Pastel Navy Blue,#5E5CB2
Faded Navy,#363B5E
Soft Navy Blue,#3D3D90
Purple Navy,#4E5180
True Navy (Pantone),#3F5277
Faded Navy Blue,#414375
Transparent Cyan,#B4D1D0
Pure Cyan (RAL Design),#36BFA8
Retro Cyan,#69ABAB
Pale Cyan,#C0EDF2
Green Cyan,#3AEDCC
Neon Cyan,#4BF0FC
Bright Cyan,#09D0EF
Bold Cyan,#09BFC9
Average Cyan,#21D9EA
Chinese Cyan,#60B0AE
Strong Cyan,#33ECF5
True Cyan,#0EE3D8
Neutral Cyan,#8E9899
Cyan Blue (RAL Design),#006F86
Glossy Cyan,#13DAE9
Matte Cyan,#0EB8BE
Light Cyan (RAL Design),#B6CAD7
Full Cyan,#00FFFF
Cyan Blue,#15A3C7
Cyaneus,#557EA2
Metallic Cyan,#37F5EB
Anthocyanin,#882E5F
Vivid Cyan,#00EAFF
Pure Cyan,#00FFFF
Cyan CMYK,#00AEEF
Pastel Cyan,#A4D8D8
Dull Cyan,#749E9F
Deep Cyan,#008584
Soft Cyan,#B2F3F3
Dark Cyan,#008B8B
Light Cyan,#E0FFFF
Cyan,#00FFFF
Skype Blue,#00AFF0
Skin CMYK,#E2B7A7
UNICEF Blue,#1CABE2
Golden Yellow CMYK,#FFCB05
Phthalo Blue,#040967
Phthalo Green,#043A14
Placid,#67A2B9
Brass CMYK,#BDA632
Melon CMYK,#FABFB7
Platinum CMYK,#E2DDDB
Rich Black CMYK,#0D131A
White CMYK,#FFFFFF
Rich Coffee CMYK,#492E28
Prussian Blue CMYK,#083050
Orchid CMYK,#C77EB5
Gamboge CMYK,#E4A025
Lilac CMYK,#DFCCE4
Saffron CMYK,#FFCB05
Cerise CMYK,#D91965
Neon Green CMYK,#72BF44
Cerulean CMYK,#0080AA
Rust CMYK,#B83B26
Ebony CMYK,#5C5D54
Blush CMYK,#DD6E86
Sun CMYK,#FFE06A
Tangerine CMYK,#F79433
Iced Aqua,#ACD3DC
Aqua Squeeze,#E8F5F2
Turquoise Aquamarine,#039EB9
Turquoise Aquagem,#78C0CD
Pastel Light Aqua,#DCF3F5
Aqua (Xona),#A1DAD7
Cute Aqua,#B1E6EA
Aquatic (Pantone),#9AC1CC
Uplifting Aqua,#A3D6DE
Aqua Spring,#EAF9F5
Aqua Blue (RAL Design),#79B6BC
Kawaii Aqua,#C3E8EE
Aqua Mist,#EDF5F5
Neon Aqua Blue,#23C1FF
Aquatic,#63CEEF
Aquamarine (Crayola),#95E0E8
Heavenly Aqua,#89DEF6
Almost Aqua,#CAD3C1
Aqua Foam,#ADC3B4
Aqua (Pantone),#65A1AD
Aqua Inlet,#70D1F7
Cool Aqua,#8BEDF4
Royal Aqua,#06C0DD
Aquarius (Pantone),#3CADD4
Aquamarine (Pantone),#9DC3D4
Pearl Aqua,#AEDDD6
Full Aqua,#1FE1E7
Aqua Blue,#65D8EC
Royal Aquamarine,#38AE90
Aqua Green,#4DE9D9
Aqua Blast,#84E9EC
Aquatic Blue,#12DBF1
Medium Aqua,#6BEAE8
Deep Aqua Blue,#1396C9
Aquamarine Blue (RAL Design),#319F9F
Fresh Aqua,#94F1FD
New Aqua,#9FFAFF
Aquarius,#3A8CC3
Light Aqua,#CFF8F8
Matte Aqua,#99D1D5
Vintage Aqua,#6AB4C9
Pale Aqua (Pantone),#C1CCC2
Aqua Green (Pantone),#00B89F
Coral Aqua,#58D6DB
Aqua Glass,#D2E8DF
Aqua Hint,#E6FCFE
Dusty Aqua (Pantone),#C0DCCD
Clearly Aqua,#CEE1D4
Bright Aqua (Pantone),#30A299
Aquarelle,#61AAB1
Aqua Green (RAL Design),#CEDCA0
Aqua Sky,#7BC4C4
Bleached Aqua,#BCE3DF
Dusty Aqua,#A2DEE6
Fair Aqua,#B8E2DC
Aqua-Esque,#A3CCD6
Aqua Gray,#A5B2AA
Aqua Sea,#6BAAAE
Aqua Splash,#85CED1
Fuchsia (Xona),#7A58C1
Festival Fuchsia,#9E2C6A
Royal Fuchsia,#8C278C
Fuchsia Red (RAL Design),#A53152
Pastel Fuchsia,#FF91D9
Fuchsia Pink,#DF88B7
Bright Fuchsia,#FF5BFC
Fuchsia Red,#AB3475
Fuchsia Fedora,#CA4286
Dark Fuchsia,#9B3B9B
Vivid Fuchsia,#FD28EC
Matte Fuchsia,#C46DC4
Neon Fuchsia,#FF0EF3
Fuchsia CMYK,#D958A0
Fuchsia Purple,#CC397B
Fuchsia Rose,#C74375
Antique Fuchsia,#915C83
French Fuchsia,#FD3F92
Deep Fuchsia,#C154C1
Fuchsia,#FF00FF
Hollywood,#F400A1
Magenta,#FF00FF
Roseine,#EF02F3
Hot Pink,#FF69B4
